UF;FAIXA_AGING_PEDIDO;DATA_ATUALIZACAO;QTE
AC;0-4 DIAS;2022-01-31;65
AC;0-4 DIAS;2022-02-01;96
AC;0-4 DIAS;2022-02-02;134
AC;0-4 DIAS;2022-02-03;167
AC;0-4 DIAS;2022-02-04;189
AC;0-4 DIAS;2022-02-05;203
AC;0-4 DIAS;2022-02-06;168
AC;0-4 DIAS;2022-02-07;156
AC;0-4 DIAS;2022-02-08;158
AC;0-4 DIAS;2022-02-09;155
AC;13-20 DIAS;2022-01-31;8
AC;13-20 DIAS;2022-02-01;7
AC;13-20 DIAS;2022-02-02;7
AC;13-20 DIAS;2022-02-03;8
AC;13-20 DIAS;2022-02-04;7
AC;13-20 DIAS;2022-02-05;6
AC;13-20 DIAS;2022-02-06;9
AC;13-20 DIAS;2022-02-07;8
AC;13-20 DIAS;2022-02-08;9
AC;13-20 DIAS;2022-02-09;8
AC;21-30 DIAS;2022-01-31;1
AC;21-30 DIAS;2022-02-03;1
AC;21-30 DIAS;2022-02-04;1
AC;21-30 DIAS;2022-02-05;2
AC;21-30 DIAS;2022-02-09;1
AC;5-7 DIAS;2022-01-31;30
AC;5-7 DIAS;2022-02-01;24
AC;5-7 DIAS;2022-02-02;33
AC;5-7 DIAS;2022-02-03;27
AC;5-7 DIAS;2022-02-04;11
AC;5-7 DIAS;2022-02-05;18
AC;5-7 DIAS;2022-02-06;30
AC;5-7 DIAS;2022-02-07;37
AC;5-7 DIAS;2022-02-08;36
AC;5-7 DIAS;2022-02-09;34
AC;8-12 DIAS;2022-01-31;18
AC;8-12 DIAS;2022-02-01;12
AC;8-12 DIAS;2022-02-02;12
AC;8-12 DIAS;2022-02-03;14
AC;8-12 DIAS;2022-02-04;20
AC;8-12 DIAS;2022-02-05;23
AC;8-12 DIAS;2022-02-06;22
AC;8-12 DIAS;2022-02-07;15
AC;8-12 DIAS;2022-02-08;19
AC;8-12 DIAS;2022-02-09;20
AC;ACIMA DE 30 DIAS;2022-01-31;3
AC;ACIMA DE 30 DIAS;2022-02-01;3
AC;ACIMA DE 30 DIAS;2022-02-02;3
AC;ACIMA DE 30 DIAS;2022-02-03;3
AC;ACIMA DE 30 DIAS;2022-02-04;3
AC;ACIMA DE 30 DIAS;2022-02-05;3
AC;ACIMA DE 30 DIAS;2022-02-06;3
AC;ACIMA DE 30 DIAS;2022-02-07;3
AC;ACIMA DE 30 DIAS;2022-02-08;3
AC;ACIMA DE 30 DIAS;2022-02-09;3
AL;0-4 DIAS;2022-01-31;25
AL;0-4 DIAS;2022-02-01;30
AL;0-4 DIAS;2022-02-02;24
AL;0-4 DIAS;2022-02-03;31
AL;0-4 DIAS;2022-02-04;29
AL;0-4 DIAS;2022-02-05;40
AL;0-4 DIAS;2022-02-06;36
AL;0-4 DIAS;2022-02-07;32
AL;0-4 DIAS;2022-02-08;30
AL;0-4 DIAS;2022-02-09;30
AL;13-20 DIAS;2022-01-31;2
AL;13-20 DIAS;2022-02-01;2
AL;13-20 DIAS;2022-02-03;1
AL;13-20 DIAS;2022-02-04;2
AL;13-20 DIAS;2022-02-05;1
AL;13-20 DIAS;2022-02-06;1
AL;13-20 DIAS;2022-02-07;1
AL;13-20 DIAS;2022-02-08;1
AL;13-20 DIAS;2022-02-09;4
AL;21-30 DIAS;2022-01-31;3
AL;21-30 DIAS;2022-02-01;3
AL;21-30 DIAS;2022-02-02;4
AL;21-30 DIAS;2022-02-03;3
AL;21-30 DIAS;2022-02-04;1
AL;21-30 DIAS;2022-02-05;1
AL;21-30 DIAS;2022-02-06;1
AL;21-30 DIAS;2022-02-07;1
AL;21-30 DIAS;2022-02-08;1
AL;21-30 DIAS;2022-02-09;1
AL;5-7 DIAS;2022-01-31;18
AL;5-7 DIAS;2022-02-01;12
AL;5-7 DIAS;2022-02-02;13
AL;5-7 DIAS;2022-02-03;11
AL;5-7 DIAS;2022-02-04;6
AL;5-7 DIAS;2022-02-05;4
AL;5-7 DIAS;2022-02-06;2
AL;5-7 DIAS;2022-02-07;5
AL;5-7 DIAS;2022-02-08;10
AL;5-7 DIAS;2022-02-09;9
AL;8-12 DIAS;2022-01-31;4
AL;8-12 DIAS;2022-02-01;12
AL;8-12 DIAS;2022-02-02;12
AL;8-12 DIAS;2022-02-03;7
AL;8-12 DIAS;2022-02-04;8
AL;8-12 DIAS;2022-02-05;6
AL;8-12 DIAS;2022-02-06;10
AL;8-12 DIAS;2022-02-07;9
AL;8-12 DIAS;2022-02-08;6
AL;8-12 DIAS;2022-02-09;4
AL;ACIMA DE 30 DIAS;2022-01-31;3
AL;ACIMA DE 30 DIAS;2022-02-01;2
AL;ACIMA DE 30 DIAS;2022-02-02;1
AL;ACIMA DE 30 DIAS;2022-02-03;2
AL;ACIMA DE 30 DIAS;2022-02-04;1
AL;ACIMA DE 30 DIAS;2022-02-05;1
AL;ACIMA DE 30 DIAS;2022-02-06;1
AL;ACIMA DE 30 DIAS;2022-02-07;1
AL;ACIMA DE 30 DIAS;2022-02-08;1
AM;0-4 DIAS;2022-01-31;475
AM;0-4 DIAS;2022-02-01;489
AM;0-4 DIAS;2022-02-02;481
AM;0-4 DIAS;2022-02-03;477
AM;0-4 DIAS;2022-02-04;508
AM;0-4 DIAS;2022-02-05;475
AM;0-4 DIAS;2022-02-06;482
AM;0-4 DIAS;2022-02-07;474
AM;0-4 DIAS;2022-02-08;470
AM;0-4 DIAS;2022-02-09;428
AM;13-20 DIAS;2022-01-31;48
AM;13-20 DIAS;2022-02-01;42
AM;13-20 DIAS;2022-02-02;43
AM;13-20 DIAS;2022-02-03;45
AM;13-20 DIAS;2022-02-04;39
AM;13-20 DIAS;2022-02-05;29
AM;13-20 DIAS;2022-02-06;36
AM;13-20 DIAS;2022-02-07;35
AM;13-20 DIAS;2022-02-08;43
AM;13-20 DIAS;2022-02-09;41
AM;21-30 DIAS;2022-01-31;11
AM;21-30 DIAS;2022-02-01;12
AM;21-30 DIAS;2022-02-02;14
AM;21-30 DIAS;2022-02-03;13
AM;21-30 DIAS;2022-02-04;15
AM;21-30 DIAS;2022-02-05;12
AM;21-30 DIAS;2022-02-06;9
AM;21-30 DIAS;2022-02-07;8
AM;21-30 DIAS;2022-02-08;10
AM;21-30 DIAS;2022-02-09;16
AM;5-7 DIAS;2022-01-31;123
AM;5-7 DIAS;2022-02-01;114
AM;5-7 DIAS;2022-02-02;128
AM;5-7 DIAS;2022-02-03;96
AM;5-7 DIAS;2022-02-04;58
AM;5-7 DIAS;2022-02-05;49
AM;5-7 DIAS;2022-02-06;53
AM;5-7 DIAS;2022-02-07;87
AM;5-7 DIAS;2022-02-08;88
AM;5-7 DIAS;2022-02-09;99
AM;8-12 DIAS;2022-01-31;85
AM;8-12 DIAS;2022-02-01;59
AM;8-12 DIAS;2022-02-02;71
AM;8-12 DIAS;2022-02-03;83
AM;8-12 DIAS;2022-02-04;84
AM;8-12 DIAS;2022-02-05;101
AM;8-12 DIAS;2022-02-06;95
AM;8-12 DIAS;2022-02-07;61
AM;8-12 DIAS;2022-02-08;55
AM;8-12 DIAS;2022-02-09;51
AM;ACIMA DE 30 DIAS;2022-01-31;22
AM;ACIMA DE 30 DIAS;2022-02-01;20
AM;ACIMA DE 30 DIAS;2022-02-02;20
AM;ACIMA DE 30 DIAS;2022-02-03;16
AM;ACIMA DE 30 DIAS;2022-02-04;15
AM;ACIMA DE 30 DIAS;2022-02-05;15
AM;ACIMA DE 30 DIAS;2022-02-06;15
AM;ACIMA DE 30 DIAS;2022-02-07;15
AM;ACIMA DE 30 DIAS;2022-02-08;15
AM;ACIMA DE 30 DIAS;2022-02-09;15
AP;0-4 DIAS;2022-01-31;98
AP;0-4 DIAS;2022-02-01;98
AP;0-4 DIAS;2022-02-02;113
AP;0-4 DIAS;2022-02-03;125
AP;0-4 DIAS;2022-02-04;127
AP;0-4 DIAS;2022-02-05;157
AP;0-4 DIAS;2022-02-06;139
AP;0-4 DIAS;2022-02-07;129
AP;0-4 DIAS;2022-02-08;123
AP;0-4 DIAS;2022-02-09;109
AP;13-20 DIAS;2022-01-31;6
AP;13-20 DIAS;2022-02-01;5
AP;13-20 DIAS;2022-02-02;4
AP;13-20 DIAS;2022-02-03;7
AP;13-20 DIAS;2022-02-04;5
AP;13-20 DIAS;2022-02-05;5
AP;13-20 DIAS;2022-02-06;6
AP;13-20 DIAS;2022-02-07;9
AP;13-20 DIAS;2022-02-08;10
AP;13-20 DIAS;2022-02-09;12
AP;21-30 DIAS;2022-02-04;1
AP;21-30 DIAS;2022-02-05;1
AP;21-30 DIAS;2022-02-06;1
AP;21-30 DIAS;2022-02-07;1
AP;21-30 DIAS;2022-02-08;1
AP;21-30 DIAS;2022-02-09;1
AP;5-7 DIAS;2022-01-31;20
AP;5-7 DIAS;2022-02-01;31
AP;5-7 DIAS;2022-02-02;34
AP;5-7 DIAS;2022-02-03;20
AP;5-7 DIAS;2022-02-04;8
AP;5-7 DIAS;2022-02-05;7
AP;5-7 DIAS;2022-02-06;15
AP;5-7 DIAS;2022-02-07;24
AP;5-7 DIAS;2022-02-08;44
AP;5-7 DIAS;2022-02-09;34
AP;8-12 DIAS;2022-01-31;15
AP;8-12 DIAS;2022-02-01;14
AP;8-12 DIAS;2022-02-02;15
AP;8-12 DIAS;2022-02-03;10
AP;8-12 DIAS;2022-02-04;14
AP;8-12 DIAS;2022-02-05;19
AP;8-12 DIAS;2022-02-06;18
AP;8-12 DIAS;2022-02-07;13
AP;8-12 DIAS;2022-02-08;10
AP;8-12 DIAS;2022-02-09;10
AP;ACIMA DE 30 DIAS;2022-01-31;3
AP;ACIMA DE 30 DIAS;2022-02-01;2
AP;ACIMA DE 30 DIAS;2022-02-02;2
AP;ACIMA DE 30 DIAS;2022-02-03;2
AP;ACIMA DE 30 DIAS;2022-02-04;2
AP;ACIMA DE 30 DIAS;2022-02-05;1
AP;ACIMA DE 30 DIAS;2022-02-06;1
AP;ACIMA DE 30 DIAS;2022-02-07;1
AP;ACIMA DE 30 DIAS;2022-02-08;1
AP;ACIMA DE 30 DIAS;2022-02-09;1
BA;0-4 DIAS;2022-01-31;664
BA;0-4 DIAS;2022-02-01;632
BA;0-4 DIAS;2022-02-02;702
BA;0-4 DIAS;2022-02-03;760
BA;0-4 DIAS;2022-02-04;832
BA;0-4 DIAS;2022-02-05;831
BA;0-4 DIAS;2022-02-06;748
BA;0-4 DIAS;2022-02-07;677
BA;0-4 DIAS;2022-02-08;742
BA;0-4 DIAS;2022-02-09;749
BA;13-20 DIAS;2022-01-31;98
BA;13-20 DIAS;2022-02-01;68
BA;13-20 DIAS;2022-02-02;67
BA;13-20 DIAS;2022-02-03;71
BA;13-20 DIAS;2022-02-04;70
BA;13-20 DIAS;2022-02-05;58
BA;13-20 DIAS;2022-02-06;72
BA;13-20 DIAS;2022-02-07;71
BA;13-20 DIAS;2022-02-08;76
BA;13-20 DIAS;2022-02-09;90
BA;21-30 DIAS;2022-01-31;34
BA;21-30 DIAS;2022-02-01;30
BA;21-30 DIAS;2022-02-02;34
BA;21-30 DIAS;2022-02-03;32
BA;21-30 DIAS;2022-02-04;25
BA;21-30 DIAS;2022-02-05;23
BA;21-30 DIAS;2022-02-06;19
BA;21-30 DIAS;2022-02-07;15
BA;21-30 DIAS;2022-02-08;17
BA;21-30 DIAS;2022-02-09;21
BA;5-7 DIAS;2022-01-31;234
BA;5-7 DIAS;2022-02-01;235
BA;5-7 DIAS;2022-02-02;232
BA;5-7 DIAS;2022-02-03;184
BA;5-7 DIAS;2022-02-04;101
BA;5-7 DIAS;2022-02-05;76
BA;5-7 DIAS;2022-02-06;118
BA;5-7 DIAS;2022-02-07;189
BA;5-7 DIAS;2022-02-08;225
BA;5-7 DIAS;2022-02-09;237
BA;8-12 DIAS;2022-01-31;163
BA;8-12 DIAS;2022-02-01;146
BA;8-12 DIAS;2022-02-02;150
BA;8-12 DIAS;2022-02-03;147
BA;8-12 DIAS;2022-02-04;162
BA;8-12 DIAS;2022-02-05;176
BA;8-12 DIAS;2022-02-06;170
BA;8-12 DIAS;2022-02-07;100
BA;8-12 DIAS;2022-02-08;95
BA;8-12 DIAS;2022-02-09;113
BA;ACIMA DE 30 DIAS;2022-01-31;54
BA;ACIMA DE 30 DIAS;2022-02-01;43
BA;ACIMA DE 30 DIAS;2022-02-02;36
BA;ACIMA DE 30 DIAS;2022-02-03;36
BA;ACIMA DE 30 DIAS;2022-02-04;30
BA;ACIMA DE 30 DIAS;2022-02-05;31
BA;ACIMA DE 30 DIAS;2022-02-06;32
BA;ACIMA DE 30 DIAS;2022-02-07;35
BA;ACIMA DE 30 DIAS;2022-02-08;34
BA;ACIMA DE 30 DIAS;2022-02-09;33
BA;SEM DATA DE ABERTURA;2022-01-31;3
BA;SEM DATA DE ABERTURA;2022-02-01;3
BA;SEM DATA DE ABERTURA;2022-02-02;10
BA;SEM DATA DE ABERTURA;2022-02-03;13
BA;SEM DATA DE ABERTURA;2022-02-04;16
BA;SEM DATA DE ABERTURA;2022-02-05;16
BA;SEM DATA DE ABERTURA;2022-02-06;16
BA;SEM DATA DE ABERTURA;2022-02-07;16
BA;SEM DATA DE ABERTURA;2022-02-08;16
BA;SEM DATA DE ABERTURA;2022-02-09;19
CE;0-4 DIAS;2022-01-31;228
CE;0-4 DIAS;2022-02-01;274
CE;0-4 DIAS;2022-02-02;325
CE;0-4 DIAS;2022-02-03;353
CE;0-4 DIAS;2022-02-04;327
CE;0-4 DIAS;2022-02-05;336
CE;0-4 DIAS;2022-02-06;330
CE;0-4 DIAS;2022-02-07;298
CE;0-4 DIAS;2022-02-08;347
CE;0-4 DIAS;2022-02-09;316
CE;13-20 DIAS;2022-01-31;33
CE;13-20 DIAS;2022-02-01;34
CE;13-20 DIAS;2022-02-02;40
CE;13-20 DIAS;2022-02-03;41
CE;13-20 DIAS;2022-02-04;39
CE;13-20 DIAS;2022-02-05;31
CE;13-20 DIAS;2022-02-06;32
CE;13-20 DIAS;2022-02-07;31
CE;13-20 DIAS;2022-02-08;31
CE;13-20 DIAS;2022-02-09;26
CE;21-30 DIAS;2022-01-31;9
CE;21-30 DIAS;2022-02-01;8
CE;21-30 DIAS;2022-02-02;6
CE;21-30 DIAS;2022-02-03;6
CE;21-30 DIAS;2022-02-04;7
CE;21-30 DIAS;2022-02-05;8
CE;21-30 DIAS;2022-02-06;5
CE;21-30 DIAS;2022-02-07;6
CE;21-30 DIAS;2022-02-08;8
CE;21-30 DIAS;2022-02-09;13
CE;5-7 DIAS;2022-01-31;89
CE;5-7 DIAS;2022-02-01;84
CE;5-7 DIAS;2022-02-02;81
CE;5-7 DIAS;2022-02-03;60
CE;5-7 DIAS;2022-02-04;40
CE;5-7 DIAS;2022-02-05;42
CE;5-7 DIAS;2022-02-06;45
CE;5-7 DIAS;2022-02-07;74
CE;5-7 DIAS;2022-02-08;80
CE;5-7 DIAS;2022-02-09;88
CE;8-12 DIAS;2022-01-31;69
CE;8-12 DIAS;2022-02-01;47
CE;8-12 DIAS;2022-02-02;47
CE;8-12 DIAS;2022-02-03;57
CE;8-12 DIAS;2022-02-04;56
CE;8-12 DIAS;2022-02-05;67
CE;8-12 DIAS;2022-02-06;73
CE;8-12 DIAS;2022-02-07;48
CE;8-12 DIAS;2022-02-08;46
CE;8-12 DIAS;2022-02-09;51
CE;ACIMA DE 30 DIAS;2022-01-31;11
CE;ACIMA DE 30 DIAS;2022-02-01;10
CE;ACIMA DE 30 DIAS;2022-02-02;7
CE;ACIMA DE 30 DIAS;2022-02-03;6
CE;ACIMA DE 30 DIAS;2022-02-04;6
CE;ACIMA DE 30 DIAS;2022-02-05;6
CE;ACIMA DE 30 DIAS;2022-02-06;8
CE;ACIMA DE 30 DIAS;2022-02-07;6
CE;ACIMA DE 30 DIAS;2022-02-08;6
CE;ACIMA DE 30 DIAS;2022-02-09;5
CE;SEM DATA DE ABERTURA;2022-01-31;1
CE;SEM DATA DE ABERTURA;2022-02-01;1
CE;SEM DATA DE ABERTURA;2022-02-02;1
CE;SEM DATA DE ABERTURA;2022-02-03;1
CE;SEM DATA DE ABERTURA;2022-02-04;1
CE;SEM DATA DE ABERTURA;2022-02-05;1
CE;SEM DATA DE ABERTURA;2022-02-06;2
CE;SEM DATA DE ABERTURA;2022-02-07;2
CE;SEM DATA DE ABERTURA;2022-02-08;2
CE;SEM DATA DE ABERTURA;2022-02-09;2
DF;0-4 DIAS;2022-01-31;545
DF;0-4 DIAS;2022-02-01;598
DF;0-4 DIAS;2022-02-02;640
DF;0-4 DIAS;2022-02-03;742
DF;0-4 DIAS;2022-02-04;836
DF;0-4 DIAS;2022-02-05;897
DF;0-4 DIAS;2022-02-06;849
DF;0-4 DIAS;2022-02-07;768
DF;0-4 DIAS;2022-02-08;900
DF;0-4 DIAS;2022-02-09;878
DF;13-20 DIAS;2022-01-31;70
DF;13-20 DIAS;2022-02-01;68
DF;13-20 DIAS;2022-02-02;69
DF;13-20 DIAS;2022-02-03;66
DF;13-20 DIAS;2022-02-04;56
DF;13-20 DIAS;2022-02-05;44
DF;13-20 DIAS;2022-02-06;48
DF;13-20 DIAS;2022-02-07;55
DF;13-20 DIAS;2022-02-08;56
DF;13-20 DIAS;2022-02-09;50
DF;21-30 DIAS;2022-01-31;17
DF;21-30 DIAS;2022-02-01;18
DF;21-30 DIAS;2022-02-02;16
DF;21-30 DIAS;2022-02-03;22
DF;21-30 DIAS;2022-02-04;27
DF;21-30 DIAS;2022-02-05;26
DF;21-30 DIAS;2022-02-06;22
DF;21-30 DIAS;2022-02-07;19
DF;21-30 DIAS;2022-02-08;21
DF;21-30 DIAS;2022-02-09;24
DF;5-7 DIAS;2022-01-31;232
DF;5-7 DIAS;2022-02-01;195
DF;5-7 DIAS;2022-02-02;146
DF;5-7 DIAS;2022-02-03;100
DF;5-7 DIAS;2022-02-04;61
DF;5-7 DIAS;2022-02-05;71
DF;5-7 DIAS;2022-02-06;103
DF;5-7 DIAS;2022-02-07;180
DF;5-7 DIAS;2022-02-08;195
DF;5-7 DIAS;2022-02-09;312
DF;8-12 DIAS;2022-01-31;137
DF;8-12 DIAS;2022-02-01;82
DF;8-12 DIAS;2022-02-02;100
DF;8-12 DIAS;2022-02-03;102
DF;8-12 DIAS;2022-02-04;109
DF;8-12 DIAS;2022-02-05;112
DF;8-12 DIAS;2022-02-06;102
DF;8-12 DIAS;2022-02-07;59
DF;8-12 DIAS;2022-02-08;55
DF;8-12 DIAS;2022-02-09;77
DF;ACIMA DE 30 DIAS;2022-01-31;28
DF;ACIMA DE 30 DIAS;2022-02-01;23
DF;ACIMA DE 30 DIAS;2022-02-02;21
DF;ACIMA DE 30 DIAS;2022-02-03;21
DF;ACIMA DE 30 DIAS;2022-02-04;21
DF;ACIMA DE 30 DIAS;2022-02-05;22
DF;ACIMA DE 30 DIAS;2022-02-06;21
DF;ACIMA DE 30 DIAS;2022-02-07;21
DF;ACIMA DE 30 DIAS;2022-02-08;21
DF;ACIMA DE 30 DIAS;2022-02-09;20
DF;SEM DATA DE ABERTURA;2022-01-31;29
DF;SEM DATA DE ABERTURA;2022-02-01;29
DF;SEM DATA DE ABERTURA;2022-02-02;34
DF;SEM DATA DE ABERTURA;2022-02-03;36
DF;SEM DATA DE ABERTURA;2022-02-04;36
DF;SEM DATA DE ABERTURA;2022-02-05;36
DF;SEM DATA DE ABERTURA;2022-02-06;37
DF;SEM DATA DE ABERTURA;2022-02-07;37
DF;SEM DATA DE ABERTURA;2022-02-08;37
DF;SEM DATA DE ABERTURA;2022-02-09;38
ES;0-4 DIAS;2022-01-31;294
ES;0-4 DIAS;2022-02-01;291
ES;0-4 DIAS;2022-02-02;306
ES;0-4 DIAS;2022-02-03;329
ES;0-4 DIAS;2022-02-04;357
ES;0-4 DIAS;2022-02-05;344
ES;0-4 DIAS;2022-02-06;236
ES;0-4 DIAS;2022-02-07;212
ES;0-4 DIAS;2022-02-08;348
ES;0-4 DIAS;2022-02-09;480
ES;13-20 DIAS;2022-01-31;20
ES;13-20 DIAS;2022-02-01;23
ES;13-20 DIAS;2022-02-02;23
ES;13-20 DIAS;2022-02-03;24
ES;13-20 DIAS;2022-02-04;20
ES;13-20 DIAS;2022-02-05;19
ES;13-20 DIAS;2022-02-06;26
ES;13-20 DIAS;2022-02-07;23
ES;13-20 DIAS;2022-02-08;23
ES;13-20 DIAS;2022-02-09;23
ES;21-30 DIAS;2022-01-31;9
ES;21-30 DIAS;2022-02-01;5
ES;21-30 DIAS;2022-02-02;4
ES;21-30 DIAS;2022-02-03;3
ES;21-30 DIAS;2022-02-04;4
ES;21-30 DIAS;2022-02-05;3
ES;21-30 DIAS;2022-02-06;3
ES;21-30 DIAS;2022-02-07;6
ES;21-30 DIAS;2022-02-08;6
ES;21-30 DIAS;2022-02-09;5
ES;5-7 DIAS;2022-01-31;81
ES;5-7 DIAS;2022-02-01;100
ES;5-7 DIAS;2022-02-02;108
ES;5-7 DIAS;2022-02-03;95
ES;5-7 DIAS;2022-02-04;56
ES;5-7 DIAS;2022-02-05;44
ES;5-7 DIAS;2022-02-06;59
ES;5-7 DIAS;2022-02-07;80
ES;5-7 DIAS;2022-02-08;71
ES;5-7 DIAS;2022-02-09;63
ES;8-12 DIAS;2022-01-31;46
ES;8-12 DIAS;2022-02-01;38
ES;8-12 DIAS;2022-02-02;48
ES;8-12 DIAS;2022-02-03;47
ES;8-12 DIAS;2022-02-04;73
ES;8-12 DIAS;2022-02-05;86
ES;8-12 DIAS;2022-02-06;72
ES;8-12 DIAS;2022-02-07;60
ES;8-12 DIAS;2022-02-08;59
ES;8-12 DIAS;2022-02-09;55
ES;ACIMA DE 30 DIAS;2022-01-31;5
ES;ACIMA DE 30 DIAS;2022-02-01;5
ES;ACIMA DE 30 DIAS;2022-02-02;4
ES;ACIMA DE 30 DIAS;2022-02-03;4
ES;ACIMA DE 30 DIAS;2022-02-04;4
ES;ACIMA DE 30 DIAS;2022-02-05;4
ES;ACIMA DE 30 DIAS;2022-02-06;4
ES;ACIMA DE 30 DIAS;2022-02-07;3
ES;ACIMA DE 30 DIAS;2022-02-08;4
ES;ACIMA DE 30 DIAS;2022-02-09;4
ES;SEM DATA DE ABERTURA;2022-01-31;1
ES;SEM DATA DE ABERTURA;2022-02-01;1
ES;SEM DATA DE ABERTURA;2022-02-02;1
ES;SEM DATA DE ABERTURA;2022-02-03;1
ES;SEM DATA DE ABERTURA;2022-02-04;1
ES;SEM DATA DE ABERTURA;2022-02-05;1
ES;SEM DATA DE ABERTURA;2022-02-06;1
ES;SEM DATA DE ABERTURA;2022-02-07;1
ES;SEM DATA DE ABERTURA;2022-02-08;1
ES;SEM DATA DE ABERTURA;2022-02-09;1
GO;0-4 DIAS;2022-01-31;773
GO;0-4 DIAS;2022-02-01;808
GO;0-4 DIAS;2022-02-02;869
GO;0-4 DIAS;2022-02-03;970
GO;0-4 DIAS;2022-02-04;1108
GO;0-4 DIAS;2022-02-05;1179
GO;0-4 DIAS;2022-02-06;1023
GO;0-4 DIAS;2022-02-07;873
GO;0-4 DIAS;2022-02-08;953
GO;0-4 DIAS;2022-02-09;1080
GO;13-20 DIAS;2022-01-31;102
GO;13-20 DIAS;2022-02-01;81
GO;13-20 DIAS;2022-02-02;88
GO;13-20 DIAS;2022-02-03;87
GO;13-20 DIAS;2022-02-04;80
GO;13-20 DIAS;2022-02-05;70
GO;13-20 DIAS;2022-02-06;79
GO;13-20 DIAS;2022-02-07;66
GO;13-20 DIAS;2022-02-08;63
GO;13-20 DIAS;2022-02-09;58
GO;21-30 DIAS;2022-01-31;22
GO;21-30 DIAS;2022-02-01;27
GO;21-30 DIAS;2022-02-02;29
GO;21-30 DIAS;2022-02-03;25
GO;21-30 DIAS;2022-02-04;32
GO;21-30 DIAS;2022-02-05;29
GO;21-30 DIAS;2022-02-06;25
GO;21-30 DIAS;2022-02-07;23
GO;21-30 DIAS;2022-02-08;27
GO;21-30 DIAS;2022-02-09;36
GO;5-7 DIAS;2022-01-31;319
GO;5-7 DIAS;2022-02-01;287
GO;5-7 DIAS;2022-02-02;287
GO;5-7 DIAS;2022-02-03;228
GO;5-7 DIAS;2022-02-04;122
GO;5-7 DIAS;2022-02-05;120
GO;5-7 DIAS;2022-02-06;156
GO;5-7 DIAS;2022-02-07;300
GO;5-7 DIAS;2022-02-08;333
GO;5-7 DIAS;2022-02-09;363
GO;8-12 DIAS;2022-01-31;178
GO;8-12 DIAS;2022-02-01;133
GO;8-12 DIAS;2022-02-02;139
GO;8-12 DIAS;2022-02-03;132
GO;8-12 DIAS;2022-02-04;153
GO;8-12 DIAS;2022-02-05;189
GO;8-12 DIAS;2022-02-06;185
GO;8-12 DIAS;2022-02-07;114
GO;8-12 DIAS;2022-02-08;123
GO;8-12 DIAS;2022-02-09;126
GO;ACIMA DE 30 DIAS;2022-01-31;17
GO;ACIMA DE 30 DIAS;2022-02-01;15
GO;ACIMA DE 30 DIAS;2022-02-02;13
GO;ACIMA DE 30 DIAS;2022-02-03;15
GO;ACIMA DE 30 DIAS;2022-02-04;14
GO;ACIMA DE 30 DIAS;2022-02-05;13
GO;ACIMA DE 30 DIAS;2022-02-06;15
GO;ACIMA DE 30 DIAS;2022-02-07;16
GO;ACIMA DE 30 DIAS;2022-02-08;15
GO;ACIMA DE 30 DIAS;2022-02-09;14
GO;SEM DATA DE ABERTURA;2022-01-31;2
GO;SEM DATA DE ABERTURA;2022-02-01;2
GO;SEM DATA DE ABERTURA;2022-02-02;2
GO;SEM DATA DE ABERTURA;2022-02-03;2
GO;SEM DATA DE ABERTURA;2022-02-04;2
GO;SEM DATA DE ABERTURA;2022-02-05;2
GO;SEM DATA DE ABERTURA;2022-02-06;2
GO;SEM DATA DE ABERTURA;2022-02-07;2
GO;SEM DATA DE ABERTURA;2022-02-08;2
GO;SEM DATA DE ABERTURA;2022-02-09;2
MA;0-4 DIAS;2022-01-31;277
MA;0-4 DIAS;2022-02-01;253
MA;0-4 DIAS;2022-02-02;289
MA;0-4 DIAS;2022-02-03;337
MA;0-4 DIAS;2022-02-04;390
MA;0-4 DIAS;2022-02-05;384
MA;0-4 DIAS;2022-02-06;323
MA;0-4 DIAS;2022-02-07;281
MA;0-4 DIAS;2022-02-08;283
MA;0-4 DIAS;2022-02-09;303
MA;13-20 DIAS;2022-01-31;42
MA;13-20 DIAS;2022-02-01;31
MA;13-20 DIAS;2022-02-02;27
MA;13-20 DIAS;2022-02-03;21
MA;13-20 DIAS;2022-02-04;24
MA;13-20 DIAS;2022-02-05;16
MA;13-20 DIAS;2022-02-06;23
MA;13-20 DIAS;2022-02-07;23
MA;13-20 DIAS;2022-02-08;25
MA;13-20 DIAS;2022-02-09;27
MA;21-30 DIAS;2022-01-31;11
MA;21-30 DIAS;2022-02-01;10
MA;21-30 DIAS;2022-02-02;11
MA;21-30 DIAS;2022-02-03;11
MA;21-30 DIAS;2022-02-04;10
MA;21-30 DIAS;2022-02-05;8
MA;21-30 DIAS;2022-02-06;7
MA;21-30 DIAS;2022-02-07;3
MA;21-30 DIAS;2022-02-08;1
MA;21-30 DIAS;2022-02-09;2
MA;5-7 DIAS;2022-01-31;123
MA;5-7 DIAS;2022-02-01;103
MA;5-7 DIAS;2022-02-02;72
MA;5-7 DIAS;2022-02-03;50
MA;5-7 DIAS;2022-02-04;29
MA;5-7 DIAS;2022-02-05;33
MA;5-7 DIAS;2022-02-06;46
MA;5-7 DIAS;2022-02-07;74
MA;5-7 DIAS;2022-02-08;95
MA;5-7 DIAS;2022-02-09;87
MA;8-12 DIAS;2022-01-31;61
MA;8-12 DIAS;2022-02-01;58
MA;8-12 DIAS;2022-02-02;54
MA;8-12 DIAS;2022-02-03;48
MA;8-12 DIAS;2022-02-04;57
MA;8-12 DIAS;2022-02-05;67
MA;8-12 DIAS;2022-02-06;61
MA;8-12 DIAS;2022-02-07;44
MA;8-12 DIAS;2022-02-08;41
MA;8-12 DIAS;2022-02-09;44
MA;ACIMA DE 30 DIAS;2022-01-31;10
MA;ACIMA DE 30 DIAS;2022-02-01;9
MA;ACIMA DE 30 DIAS;2022-02-02;8
MA;ACIMA DE 30 DIAS;2022-02-03;6
MA;ACIMA DE 30 DIAS;2022-02-04;5
MA;ACIMA DE 30 DIAS;2022-02-05;5
MA;ACIMA DE 30 DIAS;2022-02-06;5
MA;ACIMA DE 30 DIAS;2022-02-07;5
MA;ACIMA DE 30 DIAS;2022-02-08;4
MA;ACIMA DE 30 DIAS;2022-02-09;4
MA;SEM DATA DE ABERTURA;2022-02-02;1
MA;SEM DATA DE ABERTURA;2022-02-03;2
MA;SEM DATA DE ABERTURA;2022-02-04;2
MA;SEM DATA DE ABERTURA;2022-02-05;2
MA;SEM DATA DE ABERTURA;2022-02-06;3
MA;SEM DATA DE ABERTURA;2022-02-07;3
MA;SEM DATA DE ABERTURA;2022-02-08;3
MA;SEM DATA DE ABERTURA;2022-02-09;5
MG;0-4 DIAS;2022-01-31;826
MG;0-4 DIAS;2022-02-01;921
MG;0-4 DIAS;2022-02-02;1163
MG;0-4 DIAS;2022-02-03;1433
MG;0-4 DIAS;2022-02-04;1669
MG;0-4 DIAS;2022-02-05;1640
MG;0-4 DIAS;2022-02-06;1247
MG;0-4 DIAS;2022-02-07;1079
MG;0-4 DIAS;2022-02-08;1184
MG;0-4 DIAS;2022-02-09;1330
MG;13-20 DIAS;2022-01-31;147
MG;13-20 DIAS;2022-02-01;133
MG;13-20 DIAS;2022-02-02;115
MG;13-20 DIAS;2022-02-03;117
MG;13-20 DIAS;2022-02-04;91
MG;13-20 DIAS;2022-02-05;70
MG;13-20 DIAS;2022-02-06;93
MG;13-20 DIAS;2022-02-07;100
MG;13-20 DIAS;2022-02-08;91
MG;13-20 DIAS;2022-02-09;92
MG;21-30 DIAS;2022-01-31;39
MG;21-30 DIAS;2022-02-01;42
MG;21-30 DIAS;2022-02-02;46
MG;21-30 DIAS;2022-02-03;39
MG;21-30 DIAS;2022-02-04;45
MG;21-30 DIAS;2022-02-05;41
MG;21-30 DIAS;2022-02-06;35
MG;21-30 DIAS;2022-02-07;32
MG;21-30 DIAS;2022-02-08;32
MG;21-30 DIAS;2022-02-09;35
MG;5-7 DIAS;2022-01-31;365
MG;5-7 DIAS;2022-02-01;308
MG;5-7 DIAS;2022-02-02;301
MG;5-7 DIAS;2022-02-03;208
MG;5-7 DIAS;2022-02-04;121
MG;5-7 DIAS;2022-02-05;134
MG;5-7 DIAS;2022-02-06;190
MG;5-7 DIAS;2022-02-07;355
MG;5-7 DIAS;2022-02-08;412
MG;5-7 DIAS;2022-02-09;436
MG;8-12 DIAS;2022-01-31;214
MG;8-12 DIAS;2022-02-01;165
MG;8-12 DIAS;2022-02-02;199
MG;8-12 DIAS;2022-02-03;210
MG;8-12 DIAS;2022-02-04;227
MG;8-12 DIAS;2022-02-05;244
MG;8-12 DIAS;2022-02-06;210
MG;8-12 DIAS;2022-02-07;126
MG;8-12 DIAS;2022-02-08;129
MG;8-12 DIAS;2022-02-09;152
MG;ACIMA DE 30 DIAS;2022-01-31;35
MG;ACIMA DE 30 DIAS;2022-02-01;28
MG;ACIMA DE 30 DIAS;2022-02-02;26
MG;ACIMA DE 30 DIAS;2022-02-03;25
MG;ACIMA DE 30 DIAS;2022-02-04;23
MG;ACIMA DE 30 DIAS;2022-02-05;23
MG;ACIMA DE 30 DIAS;2022-02-06;27
MG;ACIMA DE 30 DIAS;2022-02-07;25
MG;ACIMA DE 30 DIAS;2022-02-08;23
MG;ACIMA DE 30 DIAS;2022-02-09;23
MG;SEM DATA DE ABERTURA;2022-01-31;6
MG;SEM DATA DE ABERTURA;2022-02-01;6
MG;SEM DATA DE ABERTURA;2022-02-02;9
MG;SEM DATA DE ABERTURA;2022-02-03;9
MG;SEM DATA DE ABERTURA;2022-02-04;13
MG;SEM DATA DE ABERTURA;2022-02-05;13
MG;SEM DATA DE ABERTURA;2022-02-06;13
MG;SEM DATA DE ABERTURA;2022-02-07;13
MG;SEM DATA DE ABERTURA;2022-02-08;13
MG;SEM DATA DE ABERTURA;2022-02-09;17
MS;0-4 DIAS;2022-01-31;214
MS;0-4 DIAS;2022-02-01;255
MS;0-4 DIAS;2022-02-02;385
MS;0-4 DIAS;2022-02-03;537
MS;0-4 DIAS;2022-02-04;588
MS;0-4 DIAS;2022-02-05;616
MS;0-4 DIAS;2022-02-06;517
MS;0-4 DIAS;2022-02-07;443
MS;0-4 DIAS;2022-02-08;484
MS;0-4 DIAS;2022-02-09;502
MS;13-20 DIAS;2022-01-31;59
MS;13-20 DIAS;2022-02-01;52
MS;13-20 DIAS;2022-02-02;56
MS;13-20 DIAS;2022-02-03;57
MS;13-20 DIAS;2022-02-04;48
MS;13-20 DIAS;2022-02-05;40
MS;13-20 DIAS;2022-02-06;54
MS;13-20 DIAS;2022-02-07;52
MS;13-20 DIAS;2022-02-08;47
MS;13-20 DIAS;2022-02-09;45
MS;21-30 DIAS;2022-01-31;15
MS;21-30 DIAS;2022-02-01;12
MS;21-30 DIAS;2022-02-02;13
MS;21-30 DIAS;2022-02-03;15
MS;21-30 DIAS;2022-02-04;17
MS;21-30 DIAS;2022-02-05;16
MS;21-30 DIAS;2022-02-06;15
MS;21-30 DIAS;2022-02-07;15
MS;21-30 DIAS;2022-02-08;16
MS;21-30 DIAS;2022-02-09;18
MS;5-7 DIAS;2022-01-31;179
MS;5-7 DIAS;2022-02-01;128
MS;5-7 DIAS;2022-02-02;86
MS;5-7 DIAS;2022-02-03;56
MS;5-7 DIAS;2022-02-04;31
MS;5-7 DIAS;2022-02-05;53
MS;5-7 DIAS;2022-02-06;77
MS;5-7 DIAS;2022-02-07;140
MS;5-7 DIAS;2022-02-08;144
MS;5-7 DIAS;2022-02-09;158
MS;8-12 DIAS;2022-01-31;78
MS;8-12 DIAS;2022-02-01;71
MS;8-12 DIAS;2022-02-02;101
MS;8-12 DIAS;2022-02-03;100
MS;8-12 DIAS;2022-02-04;104
MS;8-12 DIAS;2022-02-05;103
MS;8-12 DIAS;2022-02-06;80
MS;8-12 DIAS;2022-02-07;37
MS;8-12 DIAS;2022-02-08;48
MS;8-12 DIAS;2022-02-09;60
MS;ACIMA DE 30 DIAS;2022-01-31;24
MS;ACIMA DE 30 DIAS;2022-02-01;20
MS;ACIMA DE 30 DIAS;2022-02-02;19
MS;ACIMA DE 30 DIAS;2022-02-03;17
MS;ACIMA DE 30 DIAS;2022-02-04;17
MS;ACIMA DE 30 DIAS;2022-02-05;16
MS;ACIMA DE 30 DIAS;2022-02-06;15
MS;ACIMA DE 30 DIAS;2022-02-07;16
MS;ACIMA DE 30 DIAS;2022-02-08;16
MS;ACIMA DE 30 DIAS;2022-02-09;16
MT;0-4 DIAS;2022-01-31;269
MT;0-4 DIAS;2022-02-01;384
MT;0-4 DIAS;2022-02-02;443
MT;0-4 DIAS;2022-02-03;545
MT;0-4 DIAS;2022-02-04;677
MT;0-4 DIAS;2022-02-05;675
MT;0-4 DIAS;2022-02-06;489
MT;0-4 DIAS;2022-02-07;401
MT;0-4 DIAS;2022-02-08;476
MT;0-4 DIAS;2022-02-09;461
MT;13-20 DIAS;2022-01-31;55
MT;13-20 DIAS;2022-02-01;41
MT;13-20 DIAS;2022-02-02;43
MT;13-20 DIAS;2022-02-03;42
MT;13-20 DIAS;2022-02-04;40
MT;13-20 DIAS;2022-02-05;31
MT;13-20 DIAS;2022-02-06;39
MT;13-20 DIAS;2022-02-07;42
MT;13-20 DIAS;2022-02-08;34
MT;13-20 DIAS;2022-02-09;37
MT;21-30 DIAS;2022-01-31;33
MT;21-30 DIAS;2022-02-01;30
MT;21-30 DIAS;2022-02-02;27
MT;21-30 DIAS;2022-02-03;31
MT;21-30 DIAS;2022-02-04;20
MT;21-30 DIAS;2022-02-05;17
MT;21-30 DIAS;2022-02-06;16
MT;21-30 DIAS;2022-02-07;13
MT;21-30 DIAS;2022-02-08;12
MT;21-30 DIAS;2022-02-09;11
MT;5-7 DIAS;2022-01-31;140
MT;5-7 DIAS;2022-02-01;146
MT;5-7 DIAS;2022-02-02;167
MT;5-7 DIAS;2022-02-03;124
MT;5-7 DIAS;2022-02-04;59
MT;5-7 DIAS;2022-02-05;72
MT;5-7 DIAS;2022-02-06;112
MT;5-7 DIAS;2022-02-07;194
MT;5-7 DIAS;2022-02-08;201
MT;5-7 DIAS;2022-02-09;208
MT;8-12 DIAS;2022-01-31;77
MT;8-12 DIAS;2022-02-01;67
MT;8-12 DIAS;2022-02-02;69
MT;8-12 DIAS;2022-02-03;72
MT;8-12 DIAS;2022-02-04;97
MT;8-12 DIAS;2022-02-05;111
MT;8-12 DIAS;2022-02-06;105
MT;8-12 DIAS;2022-02-07;66
MT;8-12 DIAS;2022-02-08;89
MT;8-12 DIAS;2022-02-09;92
MT;ACIMA DE 30 DIAS;2022-01-31;33
MT;ACIMA DE 30 DIAS;2022-02-01;25
MT;ACIMA DE 30 DIAS;2022-02-02;24
MT;ACIMA DE 30 DIAS;2022-02-03;22
MT;ACIMA DE 30 DIAS;2022-02-04;27
MT;ACIMA DE 30 DIAS;2022-02-05;33
MT;ACIMA DE 30 DIAS;2022-02-06;33
MT;ACIMA DE 30 DIAS;2022-02-07;28
MT;ACIMA DE 30 DIAS;2022-02-08;23
MT;ACIMA DE 30 DIAS;2022-02-09;21
PA;0-4 DIAS;2022-01-31;636
PA;0-4 DIAS;2022-02-01;582
PA;0-4 DIAS;2022-02-02;634
PA;0-4 DIAS;2022-02-03;684
PA;0-4 DIAS;2022-02-04;784
PA;0-4 DIAS;2022-02-05;872
PA;0-4 DIAS;2022-02-06;813
PA;0-4 DIAS;2022-02-07;731
PA;0-4 DIAS;2022-02-08;780
PA;0-4 DIAS;2022-02-09;744
PA;13-20 DIAS;2022-01-31;86
PA;13-20 DIAS;2022-02-01;68
PA;13-20 DIAS;2022-02-02;72
PA;13-20 DIAS;2022-02-03;71
PA;13-20 DIAS;2022-02-04;60
PA;13-20 DIAS;2022-02-05;48
PA;13-20 DIAS;2022-02-06;54
PA;13-20 DIAS;2022-02-07;53
PA;13-20 DIAS;2022-02-08;51
PA;13-20 DIAS;2022-02-09;49
PA;21-30 DIAS;2022-01-31;13
PA;21-30 DIAS;2022-02-01;18
PA;21-30 DIAS;2022-02-02;17
PA;21-30 DIAS;2022-02-03;21
PA;21-30 DIAS;2022-02-04;24
PA;21-30 DIAS;2022-02-05;24
PA;21-30 DIAS;2022-02-06;21
PA;21-30 DIAS;2022-02-07;21
PA;21-30 DIAS;2022-02-08;15
PA;21-30 DIAS;2022-02-09;19
PA;5-7 DIAS;2022-01-31;318
PA;5-7 DIAS;2022-02-01;313
PA;5-7 DIAS;2022-02-02;285
PA;5-7 DIAS;2022-02-03;214
PA;5-7 DIAS;2022-02-04;92
PA;5-7 DIAS;2022-02-05;80
PA;5-7 DIAS;2022-02-06;87
PA;5-7 DIAS;2022-02-07;156
PA;5-7 DIAS;2022-02-08;159
PA;5-7 DIAS;2022-02-09;214
PA;8-12 DIAS;2022-01-31;137
PA;8-12 DIAS;2022-02-01;122
PA;8-12 DIAS;2022-02-02;147
PA;8-12 DIAS;2022-02-03;140
PA;8-12 DIAS;2022-02-04;150
PA;8-12 DIAS;2022-02-05;153
PA;8-12 DIAS;2022-02-06;137
PA;8-12 DIAS;2022-02-07;89
PA;8-12 DIAS;2022-02-08;81
PA;8-12 DIAS;2022-02-09;74
PA;ACIMA DE 30 DIAS;2022-01-31;26
PA;ACIMA DE 30 DIAS;2022-02-01;23
PA;ACIMA DE 30 DIAS;2022-02-02;22
PA;ACIMA DE 30 DIAS;2022-02-03;22
PA;ACIMA DE 30 DIAS;2022-02-04;23
PA;ACIMA DE 30 DIAS;2022-02-05;23
PA;ACIMA DE 30 DIAS;2022-02-06;23
PA;ACIMA DE 30 DIAS;2022-02-07;26
PA;ACIMA DE 30 DIAS;2022-02-08;21
PA;ACIMA DE 30 DIAS;2022-02-09;18
PB;0-4 DIAS;2022-01-31;48
PB;0-4 DIAS;2022-02-01;69
PB;0-4 DIAS;2022-02-02;76
PB;0-4 DIAS;2022-02-03;84
PB;0-4 DIAS;2022-02-04;94
PB;0-4 DIAS;2022-02-05;88
PB;0-4 DIAS;2022-02-06;72
PB;0-4 DIAS;2022-02-07;61
PB;0-4 DIAS;2022-02-08;58
PB;0-4 DIAS;2022-02-09;62
PB;13-20 DIAS;2022-01-31;7
PB;13-20 DIAS;2022-02-01;8
PB;13-20 DIAS;2022-02-02;7
PB;13-20 DIAS;2022-02-03;8
PB;13-20 DIAS;2022-02-04;4
PB;13-20 DIAS;2022-02-05;2
PB;13-20 DIAS;2022-02-06;3
PB;13-20 DIAS;2022-02-07;2
PB;13-20 DIAS;2022-02-08;3
PB;13-20 DIAS;2022-02-09;2
PB;21-30 DIAS;2022-01-31;1
PB;21-30 DIAS;2022-02-04;2
PB;21-30 DIAS;2022-02-05;1
PB;21-30 DIAS;2022-02-06;1
PB;21-30 DIAS;2022-02-07;1
PB;21-30 DIAS;2022-02-08;1
PB;21-30 DIAS;2022-02-09;2
PB;5-7 DIAS;2022-01-31;15
PB;5-7 DIAS;2022-02-01;16
PB;5-7 DIAS;2022-02-02;17
PB;5-7 DIAS;2022-02-03;23
PB;5-7 DIAS;2022-02-04;15
PB;5-7 DIAS;2022-02-05;22
PB;5-7 DIAS;2022-02-06;21
PB;5-7 DIAS;2022-02-07;31
PB;5-7 DIAS;2022-02-08;32
PB;5-7 DIAS;2022-02-09;26
PB;8-12 DIAS;2022-01-31;20
PB;8-12 DIAS;2022-02-01;11
PB;8-12 DIAS;2022-02-02;15
PB;8-12 DIAS;2022-02-03;13
PB;8-12 DIAS;2022-02-04;17
PB;8-12 DIAS;2022-02-05;14
PB;8-12 DIAS;2022-02-06;20
PB;8-12 DIAS;2022-02-07;10
PB;8-12 DIAS;2022-02-08;17
PB;8-12 DIAS;2022-02-09;22
PB;ACIMA DE 30 DIAS;2022-01-31;2
PB;ACIMA DE 30 DIAS;2022-02-01;2
PB;ACIMA DE 30 DIAS;2022-02-02;2
PB;ACIMA DE 30 DIAS;2022-02-03;2
PB;ACIMA DE 30 DIAS;2022-02-04;2
PB;ACIMA DE 30 DIAS;2022-02-05;2
PB;ACIMA DE 30 DIAS;2022-02-06;2
PB;ACIMA DE 30 DIAS;2022-02-07;2
PB;ACIMA DE 30 DIAS;2022-02-08;2
PB;ACIMA DE 30 DIAS;2022-02-09;2
PE;0-4 DIAS;2022-01-31;128
PE;0-4 DIAS;2022-02-01;159
PE;0-4 DIAS;2022-02-02;197
PE;0-4 DIAS;2022-02-03;193
PE;0-4 DIAS;2022-02-04;254
PE;0-4 DIAS;2022-02-05;249
PE;0-4 DIAS;2022-02-06;210
PE;0-4 DIAS;2022-02-07;189
PE;0-4 DIAS;2022-02-08;218
PE;0-4 DIAS;2022-02-09;206
PE;13-20 DIAS;2022-01-31;45
PE;13-20 DIAS;2022-02-01;38
PE;13-20 DIAS;2022-02-02;41
PE;13-20 DIAS;2022-02-03;48
PE;13-20 DIAS;2022-02-04;36
PE;13-20 DIAS;2022-02-05;32
PE;13-20 DIAS;2022-02-06;36
PE;13-20 DIAS;2022-02-07;39
PE;13-20 DIAS;2022-02-08;36
PE;13-20 DIAS;2022-02-09;38
PE;21-30 DIAS;2022-01-31;12
PE;21-30 DIAS;2022-02-01;7
PE;21-30 DIAS;2022-02-02;4
PE;21-30 DIAS;2022-02-03;8
PE;21-30 DIAS;2022-02-04;8
PE;21-30 DIAS;2022-02-05;7
PE;21-30 DIAS;2022-02-06;7
PE;21-30 DIAS;2022-02-07;5
PE;21-30 DIAS;2022-02-08;8
PE;21-30 DIAS;2022-02-09;14
PE;5-7 DIAS;2022-01-31;81
PE;5-7 DIAS;2022-02-01;78
PE;5-7 DIAS;2022-02-02;52
PE;5-7 DIAS;2022-02-03;41
PE;5-7 DIAS;2022-02-04;16
PE;5-7 DIAS;2022-02-05;32
PE;5-7 DIAS;2022-02-06;45
PE;5-7 DIAS;2022-02-07;67
PE;5-7 DIAS;2022-02-08;83
PE;5-7 DIAS;2022-02-09;85
PE;8-12 DIAS;2022-01-31;53
PE;8-12 DIAS;2022-02-01;46
PE;8-12 DIAS;2022-02-02;56
PE;8-12 DIAS;2022-02-03;51
PE;8-12 DIAS;2022-02-04;61
PE;8-12 DIAS;2022-02-05;55
PE;8-12 DIAS;2022-02-06;51
PE;8-12 DIAS;2022-02-07;27
PE;8-12 DIAS;2022-02-08;35
PE;8-12 DIAS;2022-02-09;43
PE;ACIMA DE 30 DIAS;2022-01-31;21
PE;ACIMA DE 30 DIAS;2022-02-01;15
PE;ACIMA DE 30 DIAS;2022-02-02;13
PE;ACIMA DE 30 DIAS;2022-02-03;12
PE;ACIMA DE 30 DIAS;2022-02-04;10
PE;ACIMA DE 30 DIAS;2022-02-05;9
PE;ACIMA DE 30 DIAS;2022-02-06;9
PE;ACIMA DE 30 DIAS;2022-02-07;9
PE;ACIMA DE 30 DIAS;2022-02-08;8
PE;ACIMA DE 30 DIAS;2022-02-09;8
PE;SEM DATA DE ABERTURA;2022-02-03;1
PE;SEM DATA DE ABERTURA;2022-02-04;1
PE;SEM DATA DE ABERTURA;2022-02-05;1
PE;SEM DATA DE ABERTURA;2022-02-06;2
PE;SEM DATA DE ABERTURA;2022-02-07;2
PE;SEM DATA DE ABERTURA;2022-02-08;2
PE;SEM DATA DE ABERTURA;2022-02-09;4
PI;0-4 DIAS;2022-01-31;125
PI;0-4 DIAS;2022-02-01;122
PI;0-4 DIAS;2022-02-02;135
PI;0-4 DIAS;2022-02-03;177
PI;0-4 DIAS;2022-02-04;198
PI;0-4 DIAS;2022-02-05;189
PI;0-4 DIAS;2022-02-06;149
PI;0-4 DIAS;2022-02-07;129
PI;0-4 DIAS;2022-02-08;180
PI;0-4 DIAS;2022-02-09;177
PI;13-20 DIAS;2022-01-31;11
PI;13-20 DIAS;2022-02-01;17
PI;13-20 DIAS;2022-02-02;19
PI;13-20 DIAS;2022-02-03;16
PI;13-20 DIAS;2022-02-04;14
PI;13-20 DIAS;2022-02-05;6
PI;13-20 DIAS;2022-02-06;10
PI;13-20 DIAS;2022-02-07;12
PI;13-20 DIAS;2022-02-08;11
PI;13-20 DIAS;2022-02-09;10
PI;21-30 DIAS;2022-01-31;5
PI;21-30 DIAS;2022-02-01;2
PI;21-30 DIAS;2022-02-02;2
PI;21-30 DIAS;2022-02-03;4
PI;21-30 DIAS;2022-02-04;5
PI;21-30 DIAS;2022-02-05;2
PI;21-30 DIAS;2022-02-06;1
PI;5-7 DIAS;2022-01-31;39
PI;5-7 DIAS;2022-02-01;33
PI;5-7 DIAS;2022-02-02;30
PI;5-7 DIAS;2022-02-03;22
PI;5-7 DIAS;2022-02-04;13
PI;5-7 DIAS;2022-02-05;6
PI;5-7 DIAS;2022-02-06;15
PI;5-7 DIAS;2022-02-07;27
PI;5-7 DIAS;2022-02-08;48
PI;5-7 DIAS;2022-02-09;44
PI;8-12 DIAS;2022-01-31;27
PI;8-12 DIAS;2022-02-01;26
PI;8-12 DIAS;2022-02-02;31
PI;8-12 DIAS;2022-02-03;30
PI;8-12 DIAS;2022-02-04;32
PI;8-12 DIAS;2022-02-05;36
PI;8-12 DIAS;2022-02-06;33
PI;8-12 DIAS;2022-02-07;14
PI;8-12 DIAS;2022-02-08;10
PI;8-12 DIAS;2022-02-09;18
PI;ACIMA DE 30 DIAS;2022-01-31;3
PI;ACIMA DE 30 DIAS;2022-02-01;2
PI;ACIMA DE 30 DIAS;2022-02-02;2
PI;ACIMA DE 30 DIAS;2022-02-03;2
PI;ACIMA DE 30 DIAS;2022-02-04;1
PI;ACIMA DE 30 DIAS;2022-02-05;1
PI;ACIMA DE 30 DIAS;2022-02-06;1
PI;ACIMA DE 30 DIAS;2022-02-07;1
PI;ACIMA DE 30 DIAS;2022-02-08;1
PI;ACIMA DE 30 DIAS;2022-02-09;1
PI;SEM DATA DE ABERTURA;2022-02-09;1
PR;0-4 DIAS;2022-01-31;1571
PR;0-4 DIAS;2022-02-01;1812
PR;0-4 DIAS;2022-02-02;2138
PR;0-4 DIAS;2022-02-03;2342
PR;0-4 DIAS;2022-02-04;2572
PR;0-4 DIAS;2022-02-05;2386
PR;0-4 DIAS;2022-02-06;2064
PR;0-4 DIAS;2022-02-07;1757
PR;0-4 DIAS;2022-02-08;1995
PR;0-4 DIAS;2022-02-09;2088
PR;13-20 DIAS;2022-01-31;222
PR;13-20 DIAS;2022-02-01;170
PR;13-20 DIAS;2022-02-02;162
PR;13-20 DIAS;2022-02-03;186
PR;13-20 DIAS;2022-02-04;164
PR;13-20 DIAS;2022-02-05;137
PR;13-20 DIAS;2022-02-06;164
PR;13-20 DIAS;2022-02-07;176
PR;13-20 DIAS;2022-02-08;192
PR;13-20 DIAS;2022-02-09;196
PR;21-30 DIAS;2022-01-31;59
PR;21-30 DIAS;2022-02-01;50
PR;21-30 DIAS;2022-02-02;52
PR;21-30 DIAS;2022-02-03;63
PR;21-30 DIAS;2022-02-04;57
PR;21-30 DIAS;2022-02-05;41
PR;21-30 DIAS;2022-02-06;37
PR;21-30 DIAS;2022-02-07;41
PR;21-30 DIAS;2022-02-08;40
PR;21-30 DIAS;2022-02-09;43
PR;5-7 DIAS;2022-01-31;656
PR;5-7 DIAS;2022-02-01;632
PR;5-7 DIAS;2022-02-02;591
PR;5-7 DIAS;2022-02-03;421
PR;5-7 DIAS;2022-02-04;238
PR;5-7 DIAS;2022-02-05;339
PR;5-7 DIAS;2022-02-06;526
PR;5-7 DIAS;2022-02-07;807
PR;5-7 DIAS;2022-02-08;807
PR;5-7 DIAS;2022-02-09;667
PR;8-12 DIAS;2022-01-31;365
PR;8-12 DIAS;2022-02-01;279
PR;8-12 DIAS;2022-02-02;346
PR;8-12 DIAS;2022-02-03;363
PR;8-12 DIAS;2022-02-04;411
PR;8-12 DIAS;2022-02-05;445
PR;8-12 DIAS;2022-02-06;420
PR;8-12 DIAS;2022-02-07;273
PR;8-12 DIAS;2022-02-08;336
PR;8-12 DIAS;2022-02-09;395
PR;ACIMA DE 30 DIAS;2022-01-31;65
PR;ACIMA DE 30 DIAS;2022-02-01;55
PR;ACIMA DE 30 DIAS;2022-02-02;53
PR;ACIMA DE 30 DIAS;2022-02-03;49
PR;ACIMA DE 30 DIAS;2022-02-04;47
PR;ACIMA DE 30 DIAS;2022-02-05;43
PR;ACIMA DE 30 DIAS;2022-02-06;44
PR;ACIMA DE 30 DIAS;2022-02-07;40
PR;ACIMA DE 30 DIAS;2022-02-08;39
PR;ACIMA DE 30 DIAS;2022-02-09;36
PR;SEM DATA DE ABERTURA;2022-01-31;3
PR;SEM DATA DE ABERTURA;2022-02-01;3
PR;SEM DATA DE ABERTURA;2022-02-02;3
PR;SEM DATA DE ABERTURA;2022-02-03;3
PR;SEM DATA DE ABERTURA;2022-02-04;3
PR;SEM DATA DE ABERTURA;2022-02-05;3
PR;SEM DATA DE ABERTURA;2022-02-06;3
PR;SEM DATA DE ABERTURA;2022-02-07;3
PR;SEM DATA DE ABERTURA;2022-02-08;3
PR;SEM DATA DE ABERTURA;2022-02-09;3
RJ;0-4 DIAS;2022-01-31;2292
RJ;0-4 DIAS;2022-02-01;2597
RJ;0-4 DIAS;2022-02-02;3045
RJ;0-4 DIAS;2022-02-03;3417
RJ;0-4 DIAS;2022-02-04;3786
RJ;0-4 DIAS;2022-02-05;3606
RJ;0-4 DIAS;2022-02-06;2726
RJ;0-4 DIAS;2022-02-07;2346
RJ;0-4 DIAS;2022-02-08;2640
RJ;0-4 DIAS;2022-02-09;2880
RJ;13-20 DIAS;2022-01-31;533
RJ;13-20 DIAS;2022-02-01;444
RJ;13-20 DIAS;2022-02-02;410
RJ;13-20 DIAS;2022-02-03;380
RJ;13-20 DIAS;2022-02-04;320
RJ;13-20 DIAS;2022-02-05;272
RJ;13-20 DIAS;2022-02-06;327
RJ;13-20 DIAS;2022-02-07;314
RJ;13-20 DIAS;2022-02-08;329
RJ;13-20 DIAS;2022-02-09;350
RJ;21-30 DIAS;2022-01-31;187
RJ;21-30 DIAS;2022-02-01;196
RJ;21-30 DIAS;2022-02-02;218
RJ;21-30 DIAS;2022-02-03;227
RJ;21-30 DIAS;2022-02-04;212
RJ;21-30 DIAS;2022-02-05;182
RJ;21-30 DIAS;2022-02-06;149
RJ;21-30 DIAS;2022-02-07;143
RJ;21-30 DIAS;2022-02-08;150
RJ;21-30 DIAS;2022-02-09;174
RJ;5-7 DIAS;2022-01-31;986
RJ;5-7 DIAS;2022-02-01;980
RJ;5-7 DIAS;2022-02-02;985
RJ;5-7 DIAS;2022-02-03;731
RJ;5-7 DIAS;2022-02-04;433
RJ;5-7 DIAS;2022-02-05;532
RJ;5-7 DIAS;2022-02-06;724
RJ;5-7 DIAS;2022-02-07;1081
RJ;5-7 DIAS;2022-02-08;1134
RJ;5-7 DIAS;2022-02-09;1092
RJ;8-12 DIAS;2022-01-31;554
RJ;8-12 DIAS;2022-02-01;483
RJ;8-12 DIAS;2022-02-02;585
RJ;8-12 DIAS;2022-02-03;642
RJ;8-12 DIAS;2022-02-04;690
RJ;8-12 DIAS;2022-02-05;783
RJ;8-12 DIAS;2022-02-06;735
RJ;8-12 DIAS;2022-02-07;472
RJ;8-12 DIAS;2022-02-08;557
RJ;8-12 DIAS;2022-02-09;646
RJ;ACIMA DE 30 DIAS;2022-01-31;1993
RJ;ACIMA DE 30 DIAS;2022-02-01;1966
RJ;ACIMA DE 30 DIAS;2022-02-02;1950
RJ;ACIMA DE 30 DIAS;2022-02-03;1942
RJ;ACIMA DE 30 DIAS;2022-02-04;1950
RJ;ACIMA DE 30 DIAS;2022-02-05;1958
RJ;ACIMA DE 30 DIAS;2022-02-06;1970
RJ;ACIMA DE 30 DIAS;2022-02-07;1966
RJ;ACIMA DE 30 DIAS;2022-02-08;1953
RJ;ACIMA DE 30 DIAS;2022-02-09;1944
RJ;SEM DATA DE ABERTURA;2022-01-31;16
RJ;SEM DATA DE ABERTURA;2022-02-01;16
RJ;SEM DATA DE ABERTURA;2022-02-02;22
RJ;SEM DATA DE ABERTURA;2022-02-03;22
RJ;SEM DATA DE ABERTURA;2022-02-04;28
RJ;SEM DATA DE ABERTURA;2022-02-05;28
RJ;SEM DATA DE ABERTURA;2022-02-06;30
RJ;SEM DATA DE ABERTURA;2022-02-07;30
RJ;SEM DATA DE ABERTURA;2022-02-08;29
RJ;SEM DATA DE ABERTURA;2022-02-09;30
RN;0-4 DIAS;2022-01-31;65
RN;0-4 DIAS;2022-02-01;61
RN;0-4 DIAS;2022-02-02;66
RN;0-4 DIAS;2022-02-03;69
RN;0-4 DIAS;2022-02-04;73
RN;0-4 DIAS;2022-02-05;65
RN;0-4 DIAS;2022-02-06;65
RN;0-4 DIAS;2022-02-07;55
RN;0-4 DIAS;2022-02-08;66
RN;0-4 DIAS;2022-02-09;56
RN;13-20 DIAS;2022-01-31;7
RN;13-20 DIAS;2022-02-01;5
RN;13-20 DIAS;2022-02-02;3
RN;13-20 DIAS;2022-02-03;5
RN;13-20 DIAS;2022-02-04;5
RN;13-20 DIAS;2022-02-05;4
RN;13-20 DIAS;2022-02-06;5
RN;13-20 DIAS;2022-02-07;4
RN;13-20 DIAS;2022-02-08;3
RN;13-20 DIAS;2022-02-09;4
RN;21-30 DIAS;2022-01-31;1
RN;21-30 DIAS;2022-02-01;1
RN;21-30 DIAS;2022-02-02;1
RN;21-30 DIAS;2022-02-03;1
RN;21-30 DIAS;2022-02-04;1
RN;21-30 DIAS;2022-02-05;1
RN;21-30 DIAS;2022-02-06;1
RN;21-30 DIAS;2022-02-07;1
RN;21-30 DIAS;2022-02-08;1
RN;21-30 DIAS;2022-02-09;1
RN;5-7 DIAS;2022-01-31;14
RN;5-7 DIAS;2022-02-01;13
RN;5-7 DIAS;2022-02-02;16
RN;5-7 DIAS;2022-02-03;14
RN;5-7 DIAS;2022-02-04;7
RN;5-7 DIAS;2022-02-05;4
RN;5-7 DIAS;2022-02-06;10
RN;5-7 DIAS;2022-02-07;21
RN;5-7 DIAS;2022-02-08;17
RN;5-7 DIAS;2022-02-09;17
RN;8-12 DIAS;2022-01-31;9
RN;8-12 DIAS;2022-02-01;8
RN;8-12 DIAS;2022-02-02;9
RN;8-12 DIAS;2022-02-03;9
RN;8-12 DIAS;2022-02-04;11
RN;8-12 DIAS;2022-02-05;12
RN;8-12 DIAS;2022-02-06;12
RN;8-12 DIAS;2022-02-07;9
RN;8-12 DIAS;2022-02-08;9
RN;8-12 DIAS;2022-02-09;8
RN;ACIMA DE 30 DIAS;2022-01-31;2
RN;ACIMA DE 30 DIAS;2022-02-01;1
RN;ACIMA DE 30 DIAS;2022-02-02;1
RN;ACIMA DE 30 DIAS;2022-02-03;1
RN;ACIMA DE 30 DIAS;2022-02-04;1
RN;ACIMA DE 30 DIAS;2022-02-05;1
RN;ACIMA DE 30 DIAS;2022-02-06;1
RN;ACIMA DE 30 DIAS;2022-02-07;2
RN;ACIMA DE 30 DIAS;2022-02-08;2
RN;ACIMA DE 30 DIAS;2022-02-09;2
RO;0-4 DIAS;2022-01-31;202
RO;0-4 DIAS;2022-02-01;274
RO;0-4 DIAS;2022-02-02;338
RO;0-4 DIAS;2022-02-03;401
RO;0-4 DIAS;2022-02-04;514
RO;0-4 DIAS;2022-02-05;518
RO;0-4 DIAS;2022-02-06;425
RO;0-4 DIAS;2022-02-07;364
RO;0-4 DIAS;2022-02-08;414
RO;0-4 DIAS;2022-02-09;416
RO;13-20 DIAS;2022-01-31;26
RO;13-20 DIAS;2022-02-01;27
RO;13-20 DIAS;2022-02-02;23
RO;13-20 DIAS;2022-02-03;26
RO;13-20 DIAS;2022-02-04;22
RO;13-20 DIAS;2022-02-05;18
RO;13-20 DIAS;2022-02-06;23
RO;13-20 DIAS;2022-02-07;23
RO;13-20 DIAS;2022-02-08;24
RO;13-20 DIAS;2022-02-09;22
RO;21-30 DIAS;2022-01-31;6
RO;21-30 DIAS;2022-02-01;6
RO;21-30 DIAS;2022-02-02;8
RO;21-30 DIAS;2022-02-03;11
RO;21-30 DIAS;2022-02-04;14
RO;21-30 DIAS;2022-02-05;9
RO;21-30 DIAS;2022-02-06;6
RO;21-30 DIAS;2022-02-07;4
RO;21-30 DIAS;2022-02-08;5
RO;21-30 DIAS;2022-02-09;7
RO;5-7 DIAS;2022-01-31;79
RO;5-7 DIAS;2022-02-01;92
RO;5-7 DIAS;2022-02-02;103
RO;5-7 DIAS;2022-02-03;73
RO;5-7 DIAS;2022-02-04;42
RO;5-7 DIAS;2022-02-05;36
RO;5-7 DIAS;2022-02-06;65
RO;5-7 DIAS;2022-02-07;119
RO;5-7 DIAS;2022-02-08;154
RO;5-7 DIAS;2022-02-09;167
RO;8-12 DIAS;2022-01-31;42
RO;8-12 DIAS;2022-02-01;33
RO;8-12 DIAS;2022-02-02;43
RO;8-12 DIAS;2022-02-03;47
RO;8-12 DIAS;2022-02-04;59
RO;8-12 DIAS;2022-02-05;76
RO;8-12 DIAS;2022-02-06;72
RO;8-12 DIAS;2022-02-07;40
RO;8-12 DIAS;2022-02-08;40
RO;8-12 DIAS;2022-02-09;51
RO;ACIMA DE 30 DIAS;2022-01-31;10
RO;ACIMA DE 30 DIAS;2022-02-01;9
RO;ACIMA DE 30 DIAS;2022-02-02;8
RO;ACIMA DE 30 DIAS;2022-02-03;8
RO;ACIMA DE 30 DIAS;2022-02-04;8
RO;ACIMA DE 30 DIAS;2022-02-05;9
RO;ACIMA DE 30 DIAS;2022-02-06;8
RO;ACIMA DE 30 DIAS;2022-02-07;9
RO;ACIMA DE 30 DIAS;2022-02-08;8
RO;ACIMA DE 30 DIAS;2022-02-09;8
RR;0-4 DIAS;2022-01-31;79
RR;0-4 DIAS;2022-02-01;98
RR;0-4 DIAS;2022-02-02;116
RR;0-4 DIAS;2022-02-03;135
RR;0-4 DIAS;2022-02-04;143
RR;0-4 DIAS;2022-02-05;120
RR;0-4 DIAS;2022-02-06;98
RR;0-4 DIAS;2022-02-07;93
RR;0-4 DIAS;2022-02-08;134
RR;0-4 DIAS;2022-02-09;133
RR;13-20 DIAS;2022-01-31;6
RR;13-20 DIAS;2022-02-01;3
RR;13-20 DIAS;2022-02-02;3
RR;13-20 DIAS;2022-02-03;3
RR;13-20 DIAS;2022-02-04;1
RR;13-20 DIAS;2022-02-05;1
RR;13-20 DIAS;2022-02-06;1
RR;13-20 DIAS;2022-02-07;3
RR;13-20 DIAS;2022-02-08;4
RR;13-20 DIAS;2022-02-09;5
RR;21-30 DIAS;2022-02-03;1
RR;21-30 DIAS;2022-02-04;3
RR;21-30 DIAS;2022-02-05;2
RR;21-30 DIAS;2022-02-06;2
RR;21-30 DIAS;2022-02-07;2
RR;21-30 DIAS;2022-02-08;2
RR;21-30 DIAS;2022-02-09;1
RR;5-7 DIAS;2022-01-31;19
RR;5-7 DIAS;2022-02-01;17
RR;5-7 DIAS;2022-02-02;13
RR;5-7 DIAS;2022-02-03;8
RR;5-7 DIAS;2022-02-04;6
RR;5-7 DIAS;2022-02-05;11
RR;5-7 DIAS;2022-02-06;9
RR;5-7 DIAS;2022-02-07;18
RR;5-7 DIAS;2022-02-08;17
RR;5-7 DIAS;2022-02-09;15
RR;8-12 DIAS;2022-01-31;3
RR;8-12 DIAS;2022-02-01;4
RR;8-12 DIAS;2022-02-02;8
RR;8-12 DIAS;2022-02-03;9
RR;8-12 DIAS;2022-02-04;10
RR;8-12 DIAS;2022-02-05;10
RR;8-12 DIAS;2022-02-06;13
RR;8-12 DIAS;2022-02-07;8
RR;8-12 DIAS;2022-02-08;4
RR;8-12 DIAS;2022-02-09;5
RR;ACIMA DE 30 DIAS;2022-01-31;3
RR;ACIMA DE 30 DIAS;2022-02-01;3
RR;ACIMA DE 30 DIAS;2022-02-02;3
RR;ACIMA DE 30 DIAS;2022-02-03;3
RR;ACIMA DE 30 DIAS;2022-02-04;3
RR;ACIMA DE 30 DIAS;2022-02-05;2
RR;ACIMA DE 30 DIAS;2022-02-06;2
RR;ACIMA DE 30 DIAS;2022-02-07;2
RR;ACIMA DE 30 DIAS;2022-02-08;2
RR;ACIMA DE 30 DIAS;2022-02-09;2
RS;0-4 DIAS;2022-01-31;1723
RS;0-4 DIAS;2022-02-01;1751
RS;0-4 DIAS;2022-02-02;1919
RS;0-4 DIAS;2022-02-03;2189
RS;0-4 DIAS;2022-02-04;2433
RS;0-4 DIAS;2022-02-05;2296
RS;0-4 DIAS;2022-02-06;1876
RS;0-4 DIAS;2022-02-07;1586
RS;0-4 DIAS;2022-02-08;1829
RS;0-4 DIAS;2022-02-09;1838
RS;13-20 DIAS;2022-01-31;248
RS;13-20 DIAS;2022-02-01;221
RS;13-20 DIAS;2022-02-02;225
RS;13-20 DIAS;2022-02-03;231
RS;13-20 DIAS;2022-02-04;192
RS;13-20 DIAS;2022-02-05;155
RS;13-20 DIAS;2022-02-06;192
RS;13-20 DIAS;2022-02-07;215
RS;13-20 DIAS;2022-02-08;197
RS;13-20 DIAS;2022-02-09;212
RS;21-30 DIAS;2022-01-31;68
RS;21-30 DIAS;2022-02-01;58
RS;21-30 DIAS;2022-02-02;61
RS;21-30 DIAS;2022-02-03;69
RS;21-30 DIAS;2022-02-04;74
RS;21-30 DIAS;2022-02-05;66
RS;21-30 DIAS;2022-02-06;53
RS;21-30 DIAS;2022-02-07;50
RS;21-30 DIAS;2022-02-08;50
RS;21-30 DIAS;2022-02-09;63
RS;5-7 DIAS;2022-01-31;715
RS;5-7 DIAS;2022-02-01;667
RS;5-7 DIAS;2022-02-02;670
RS;5-7 DIAS;2022-02-03;558
RS;5-7 DIAS;2022-02-04;316
RS;5-7 DIAS;2022-02-05;326
RS;5-7 DIAS;2022-02-06;532
RS;5-7 DIAS;2022-02-07;790
RS;5-7 DIAS;2022-02-08;763
RS;5-7 DIAS;2022-02-09;689
RS;8-12 DIAS;2022-01-31;416
RS;8-12 DIAS;2022-02-01;325
RS;8-12 DIAS;2022-02-02;370
RS;8-12 DIAS;2022-02-03;385
RS;8-12 DIAS;2022-02-04;469
RS;8-12 DIAS;2022-02-05;558
RS;8-12 DIAS;2022-02-06;537
RS;8-12 DIAS;2022-02-07;349
RS;8-12 DIAS;2022-02-08;378
RS;8-12 DIAS;2022-02-09;419
RS;ACIMA DE 30 DIAS;2022-01-31;64
RS;ACIMA DE 30 DIAS;2022-02-01;53
RS;ACIMA DE 30 DIAS;2022-02-02;47
RS;ACIMA DE 30 DIAS;2022-02-03;50
RS;ACIMA DE 30 DIAS;2022-02-04;47
RS;ACIMA DE 30 DIAS;2022-02-05;52
RS;ACIMA DE 30 DIAS;2022-02-06;58
RS;ACIMA DE 30 DIAS;2022-02-07;59
RS;ACIMA DE 30 DIAS;2022-02-08;58
RS;ACIMA DE 30 DIAS;2022-02-09;52
RS;SEM DATA DE ABERTURA;2022-01-31;2
RS;SEM DATA DE ABERTURA;2022-02-01;2
RS;SEM DATA DE ABERTURA;2022-02-02;2
RS;SEM DATA DE ABERTURA;2022-02-03;2
RS;SEM DATA DE ABERTURA;2022-02-04;2
RS;SEM DATA DE ABERTURA;2022-02-05;2
RS;SEM DATA DE ABERTURA;2022-02-06;2
RS;SEM DATA DE ABERTURA;2022-02-07;2
RS;SEM DATA DE ABERTURA;2022-02-08;2
RS;SEM DATA DE ABERTURA;2022-02-09;2
SC;0-4 DIAS;2022-01-31;465
SC;0-4 DIAS;2022-02-01;476
SC;0-4 DIAS;2022-02-02;522
SC;0-4 DIAS;2022-02-03;586
SC;0-4 DIAS;2022-02-04;679
SC;0-4 DIAS;2022-02-05;677
SC;0-4 DIAS;2022-02-06;603
SC;0-4 DIAS;2022-02-07;527
SC;0-4 DIAS;2022-02-08;492
SC;0-4 DIAS;2022-02-09;511
SC;13-20 DIAS;2022-01-31;68
SC;13-20 DIAS;2022-02-01;61
SC;13-20 DIAS;2022-02-02;58
SC;13-20 DIAS;2022-02-03;65
SC;13-20 DIAS;2022-02-04;57
SC;13-20 DIAS;2022-02-05;50
SC;13-20 DIAS;2022-02-06;54
SC;13-20 DIAS;2022-02-07;49
SC;13-20 DIAS;2022-02-08;53
SC;13-20 DIAS;2022-02-09;53
SC;21-30 DIAS;2022-01-31;17
SC;21-30 DIAS;2022-02-01;16
SC;21-30 DIAS;2022-02-02;16
SC;21-30 DIAS;2022-02-03;16
SC;21-30 DIAS;2022-02-04;12
SC;21-30 DIAS;2022-02-05;11
SC;21-30 DIAS;2022-02-06;10
SC;21-30 DIAS;2022-02-07;15
SC;21-30 DIAS;2022-02-08;16
SC;21-30 DIAS;2022-02-09;17
SC;5-7 DIAS;2022-01-31;213
SC;5-7 DIAS;2022-02-01;206
SC;5-7 DIAS;2022-02-02;171
SC;5-7 DIAS;2022-02-03;115
SC;5-7 DIAS;2022-02-04;54
SC;5-7 DIAS;2022-02-05;91
SC;5-7 DIAS;2022-02-06;128
SC;5-7 DIAS;2022-02-07;190
SC;5-7 DIAS;2022-02-08;200
SC;5-7 DIAS;2022-02-09;184
SC;8-12 DIAS;2022-01-31;109
SC;8-12 DIAS;2022-02-01;92
SC;8-12 DIAS;2022-02-02;111
SC;8-12 DIAS;2022-02-03;114
SC;8-12 DIAS;2022-02-04;133
SC;8-12 DIAS;2022-02-05;138
SC;8-12 DIAS;2022-02-06;125
SC;8-12 DIAS;2022-02-07;78
SC;8-12 DIAS;2022-02-08;100
SC;8-12 DIAS;2022-02-09;87
SC;ACIMA DE 30 DIAS;2022-01-31;27
SC;ACIMA DE 30 DIAS;2022-02-01;24
SC;ACIMA DE 30 DIAS;2022-02-02;21
SC;ACIMA DE 30 DIAS;2022-02-03;21
SC;ACIMA DE 30 DIAS;2022-02-04;24
SC;ACIMA DE 30 DIAS;2022-02-05;23
SC;ACIMA DE 30 DIAS;2022-02-06;25
SC;ACIMA DE 30 DIAS;2022-02-07;25
SC;ACIMA DE 30 DIAS;2022-02-08;22
SC;ACIMA DE 30 DIAS;2022-02-09;20
SC;SEM DATA DE ABERTURA;2022-01-31;1
SC;SEM DATA DE ABERTURA;2022-02-01;1
SC;SEM DATA DE ABERTURA;2022-02-02;1
SC;SEM DATA DE ABERTURA;2022-02-03;1
SC;SEM DATA DE ABERTURA;2022-02-04;1
SC;SEM DATA DE ABERTURA;2022-02-05;1
SC;SEM DATA DE ABERTURA;2022-02-06;1
SC;SEM DATA DE ABERTURA;2022-02-07;1
SC;SEM DATA DE ABERTURA;2022-02-08;1
SC;SEM DATA DE ABERTURA;2022-02-09;1
SE;0-4 DIAS;2022-01-31;43
SE;0-4 DIAS;2022-02-01;46
SE;0-4 DIAS;2022-02-02;56
SE;0-4 DIAS;2022-02-03;57
SE;0-4 DIAS;2022-02-04;73
SE;0-4 DIAS;2022-02-05;69
SE;0-4 DIAS;2022-02-06;40
SE;0-4 DIAS;2022-02-07;32
SE;0-4 DIAS;2022-02-08;47
SE;0-4 DIAS;2022-02-09;49
SE;13-20 DIAS;2022-01-31;10
SE;13-20 DIAS;2022-02-01;10
SE;13-20 DIAS;2022-02-02;6
SE;13-20 DIAS;2022-02-03;6
SE;13-20 DIAS;2022-02-04;5
SE;13-20 DIAS;2022-02-05;4
SE;13-20 DIAS;2022-02-06;5
SE;13-20 DIAS;2022-02-07;4
SE;13-20 DIAS;2022-02-08;3
SE;13-20 DIAS;2022-02-09;2
SE;21-30 DIAS;2022-01-31;2
SE;21-30 DIAS;2022-02-01;1
SE;21-30 DIAS;2022-02-02;2
SE;21-30 DIAS;2022-02-03;2
SE;21-30 DIAS;2022-02-04;2
SE;21-30 DIAS;2022-02-05;1
SE;5-7 DIAS;2022-01-31;25
SE;5-7 DIAS;2022-02-01;19
SE;5-7 DIAS;2022-02-02;16
SE;5-7 DIAS;2022-02-03;8
SE;5-7 DIAS;2022-02-04;6
SE;5-7 DIAS;2022-02-05;2
SE;5-7 DIAS;2022-02-06;6
SE;5-7 DIAS;2022-02-07;10
SE;5-7 DIAS;2022-02-08;11
SE;5-7 DIAS;2022-02-09;12
SE;8-12 DIAS;2022-01-31;15
SE;8-12 DIAS;2022-02-01;10
SE;8-12 DIAS;2022-02-02;13
SE;8-12 DIAS;2022-02-03;13
SE;8-12 DIAS;2022-02-04;9
SE;8-12 DIAS;2022-02-05;12
SE;8-12 DIAS;2022-02-06;10
SE;8-12 DIAS;2022-02-07;8
SE;8-12 DIAS;2022-02-08;5
SE;8-12 DIAS;2022-02-09;8
SE;ACIMA DE 30 DIAS;2022-01-31;3
SE;ACIMA DE 30 DIAS;2022-02-01;3
SE;ACIMA DE 30 DIAS;2022-02-02;3
SE;ACIMA DE 30 DIAS;2022-02-03;3
SE;ACIMA DE 30 DIAS;2022-02-04;3
SE;ACIMA DE 30 DIAS;2022-02-05;3
SE;ACIMA DE 30 DIAS;2022-02-06;4
SE;ACIMA DE 30 DIAS;2022-02-07;4
SE;ACIMA DE 30 DIAS;2022-02-08;3
SE;ACIMA DE 30 DIAS;2022-02-09;3
SE;SEM DATA DE ABERTURA;2022-02-03;1
SE;SEM DATA DE ABERTURA;2022-02-04;1
SE;SEM DATA DE ABERTURA;2022-02-05;1
SE;SEM DATA DE ABERTURA;2022-02-06;1
SE;SEM DATA DE ABERTURA;2022-02-07;1
SE;SEM DATA DE ABERTURA;2022-02-08;1
SE;SEM DATA DE ABERTURA;2022-02-09;1
SP;0-4 DIAS;2022-01-31;95
SP;0-4 DIAS;2022-02-01;87
SP;0-4 DIAS;2022-02-02;68
SP;0-4 DIAS;2022-02-03;51
SP;0-4 DIAS;2022-02-04;52
SP;0-4 DIAS;2022-02-05;53
SP;0-4 DIAS;2022-02-06;34
SP;0-4 DIAS;2022-02-07;31
SP;0-4 DIAS;2022-02-08;33
SP;0-4 DIAS;2022-02-09;21
SP;13-20 DIAS;2022-01-31;7
SP;13-20 DIAS;2022-02-01;7
SP;13-20 DIAS;2022-02-02;8
SP;13-20 DIAS;2022-02-03;6
SP;13-20 DIAS;2022-02-04;5
SP;13-20 DIAS;2022-02-05;4
SP;13-20 DIAS;2022-02-06;7
SP;13-20 DIAS;2022-02-07;8
SP;13-20 DIAS;2022-02-08;9
SP;13-20 DIAS;2022-02-09;11
SP;21-30 DIAS;2022-01-31;10
SP;21-30 DIAS;2022-02-01;9
SP;21-30 DIAS;2022-02-02;9
SP;21-30 DIAS;2022-02-03;8
SP;21-30 DIAS;2022-02-04;7
SP;21-30 DIAS;2022-02-05;7
SP;21-30 DIAS;2022-02-06;7
SP;21-30 DIAS;2022-02-07;3
SP;21-30 DIAS;2022-02-08;1
SP;21-30 DIAS;2022-02-09;3
SP;5-7 DIAS;2022-01-31;19
SP;5-7 DIAS;2022-02-01;29
SP;5-7 DIAS;2022-02-02;41
SP;5-7 DIAS;2022-02-03;44
SP;5-7 DIAS;2022-02-04;27
SP;5-7 DIAS;2022-02-05;16
SP;5-7 DIAS;2022-02-06;12
SP;5-7 DIAS;2022-02-07;15
SP;5-7 DIAS;2022-02-08;15
SP;5-7 DIAS;2022-02-09;12
SP;8-12 DIAS;2022-01-31;9
SP;8-12 DIAS;2022-02-01;6
SP;8-12 DIAS;2022-02-02;7
SP;8-12 DIAS;2022-02-03;11
SP;8-12 DIAS;2022-02-04;19
SP;8-12 DIAS;2022-02-05;23
SP;8-12 DIAS;2022-02-06;27
SP;8-12 DIAS;2022-02-07;22
SP;8-12 DIAS;2022-02-08;23
SP;8-12 DIAS;2022-02-09;20
SP;ACIMA DE 30 DIAS;2022-01-31;15
SP;ACIMA DE 30 DIAS;2022-02-01;14
SP;ACIMA DE 30 DIAS;2022-02-02;14
SP;ACIMA DE 30 DIAS;2022-02-03;13
SP;ACIMA DE 30 DIAS;2022-02-04;11
SP;ACIMA DE 30 DIAS;2022-02-05;10
SP;ACIMA DE 30 DIAS;2022-02-06;10
SP;ACIMA DE 30 DIAS;2022-02-07;11
SP;ACIMA DE 30 DIAS;2022-02-08;13
SP;ACIMA DE 30 DIAS;2022-02-09;13
TO;0-4 DIAS;2022-01-31;185
TO;0-4 DIAS;2022-02-01;194
TO;0-4 DIAS;2022-02-02;163
TO;0-4 DIAS;2022-02-03;213
TO;0-4 DIAS;2022-02-04;249
TO;0-4 DIAS;2022-02-05;251
TO;0-4 DIAS;2022-02-06;218
TO;0-4 DIAS;2022-02-07;180
TO;0-4 DIAS;2022-02-08;179
TO;0-4 DIAS;2022-02-09;167
TO;13-20 DIAS;2022-01-31;16
TO;13-20 DIAS;2022-02-01;11
TO;13-20 DIAS;2022-02-02;15
TO;13-20 DIAS;2022-02-03;14
TO;13-20 DIAS;2022-02-04;12
TO;13-20 DIAS;2022-02-05;8
TO;13-20 DIAS;2022-02-06;8
TO;13-20 DIAS;2022-02-07;9
TO;13-20 DIAS;2022-02-08;6
TO;13-20 DIAS;2022-02-09;7
TO;21-30 DIAS;2022-01-31;1
TO;21-30 DIAS;2022-02-01;1
TO;21-30 DIAS;2022-02-02;1
TO;21-30 DIAS;2022-02-03;2
TO;21-30 DIAS;2022-02-04;2
TO;21-30 DIAS;2022-02-05;2
TO;21-30 DIAS;2022-02-06;2
TO;21-30 DIAS;2022-02-07;2
TO;21-30 DIAS;2022-02-08;2
TO;21-30 DIAS;2022-02-09;2
TO;5-7 DIAS;2022-01-31;71
TO;5-7 DIAS;2022-02-01;60
TO;5-7 DIAS;2022-02-02;74
TO;5-7 DIAS;2022-02-03;50
TO;5-7 DIAS;2022-02-04;26
TO;5-7 DIAS;2022-02-05;18
TO;5-7 DIAS;2022-02-06;24
TO;5-7 DIAS;2022-02-07;58
TO;5-7 DIAS;2022-02-08;73
TO;5-7 DIAS;2022-02-09;90
TO;8-12 DIAS;2022-01-31;29
TO;8-12 DIAS;2022-02-01;23
TO;8-12 DIAS;2022-02-02;26
TO;8-12 DIAS;2022-02-03;24
TO;8-12 DIAS;2022-02-04;25
TO;8-12 DIAS;2022-02-05;38
TO;8-12 DIAS;2022-02-06;37
TO;8-12 DIAS;2022-02-07;20
TO;8-12 DIAS;2022-02-08;23
TO;8-12 DIAS;2022-02-09;24
TO;ACIMA DE 30 DIAS;2022-01-31;3
TO;ACIMA DE 30 DIAS;2022-02-01;3
TO;ACIMA DE 30 DIAS;2022-02-02;2
TO;ACIMA DE 30 DIAS;2022-02-03;2
TO;ACIMA DE 30 DIAS;2022-02-04;2
TO;ACIMA DE 30 DIAS;2022-02-05;2
TO;ACIMA DE 30 DIAS;2022-02-06;2
TO;ACIMA DE 30 DIAS;2022-02-07;2
TO;ACIMA DE 30 DIAS;2022-02-08;2
TO;ACIMA DE 30 DIAS;2022-02-09;2
TO;SEM DATA DE ABERTURA;2022-01-31;1
TO;SEM DATA DE ABERTURA;2022-02-01;1
TO;SEM DATA DE ABERTURA;2022-02-02;1
TO;SEM DATA DE ABERTURA;2022-02-03;1
TO;SEM DATA DE ABERTURA;2022-02-04;1
TO;SEM DATA DE ABERTURA;2022-02-05;1
TO;SEM DATA DE ABERTURA;2022-02-06;1
TO;SEM DATA DE ABERTURA;2022-02-07;1
TO;SEM DATA DE ABERTURA;2022-02-08;1
TO;SEM DATA DE ABERTURA;2022-02-09;1
